school,n,m,density,global_clustering,mean_local_clustering
Caltech36,762,16651,0.05742892519512591,0.2912809635141533,0.4091173048334612
MIT8,6402,251230,0.012261341741110527,0.1802884023054581,0.27235999658838644
JohnsHopkins55,5157,186572,0.0140335136902954,0.19316115952994883,0.26900836180589566
